Rank,Word,Frequency
1,aphantasia,22027
2,thing,11618
3,people,11599
4,mind,8041
5,eye,7833
6,image,7720
7,time,5898
8,memory,5777
9,head,5514
10,experience,4102
11,way,4051
12,dream,3986
13,life,3371
14,brain,3122
15,year,3050
16,thought,2924
17,question,2718
18,lot,2583
19,aphant,2530
20,picture,2500
21,word,2497
22,visualization,2351
23,imagery,2247
24,imagination,2220
25,ability,2205
26,face,2172
27,day,2153
28,sense,2110
29,book,2069
30,detail,2012
31,apple,2006
32,person,1922
33,color,1851
34,friend,1831
35,idea,1807
36,voice,1722
37,example,1645
38,post,1456
39,stuff,1449
40,guy,1424
41,object,1313
42,test,1299
43,monologue,1253
44,movie,1252
45,sound,1238
46,world,1230
47,shape,1227
48,story,1224
49,bit,1223
50,video,1222
51,concept,1214
52,study,1200
53,problem,1191
54,place,1178
55,point,1174
56,feeling,1158
57,visual,1137
58,music,1137
59,research,1121
60,scene,1091
61,moment,1054
62,fact,1031
63,art,1002
64,night,956
65,character,946
66,information,942
67,condition,883
68,artist,875
69,vision,852
70,song,846
71,school,830
72,meditation,826
73,month,822
74,issue,815
75,today,815
76,sens,813
77,term,805
78,kid,799
79,lack,796
80,game,789
81,room,788
82,reason,786
83,family,772
84,kind,765
85,event,751
86,emotion,745
87,thank,745
88,work,740
89,week,716
90,process,707
91,minute,684
92,hand,682
93,description,678
94,case,671
95,language,669
96,sleep,668
97,form,667
98,child,653
99,thinking,640
100,difference,640
101,sub,638
102,type,638
103,body,632
104,colour,626
105,light,626
106,sort,622
107,smell,621
108,conversation,618
109,view,614
110,sdam,610
111,hour,603
112,trauma,592
113,self,588
114,link,578
115,couple,574
116,ball,573
117,adhd,570
118,level,562
119,line,560
120,math,558
121,reference,550
122,space,548
123,result,544
124,article,542
125,reality,531
126,skill,529
127,number,524
128,visualisation,512
129,answer,511
130,situation,511
131,state,510
132,effect,510
133,past,501
134,taste,497
135,hyperphantasia,490
136,subreddit,489
137,house,487
138,trouble,487
139,flash,483
140,reading,482
141,photo,480
142,darkness,476
143,spectrum,475
144,paper,475
145,comment,474
146,table,474
147,childhood,473
148,hallucination,468
149,star,467
150,one,455
151,car,450
152,inability,440
153,pattern,440
154,group,440
155,drawing,439
156,anxiety,438
157,bed,435
158,drug,421
159,end,419
160,topic,417
161,class,415
162,technique,410
163,theory,404
164,age,393
165,mom,388
166,course,387
167,note,386
168,understanding,386
169,task,386
170,method,386
171,response,384
172,poll](https://www.reddit.com,383
173,survey,381
174,poll,379
175,beach,377
176,control,377
177,direction,373
178,field,366
179,teacher,366
180,perspective,360
181,screen,360
182,community,358
183,user,357
184,edit,355
185,touch,355
186,second,355
187,text,355
188,part,355
189,subject,355
190,sensation,354
191,yesterday,353
192,relationship,353
193,advice,353
194,eyelid,352
195,tip,349
196,wife,349
197,help,348
198,connection,347
199,scenario,346
200,difficulty,343
201,lol,343
202,area,336
203,depression,335
204,sheep,334
205,parent,334
206,computer,330
207,page,328
208,man,328
209,exercise,327
210,attention,326
211,participant,324
212,disorder,321
213,shit,320
214,degree,320
215,fantasy,320
216,sight,319
217,blackness,317
218,visualizer,315
219,piece,313
220,psychedelic,312
221,wall,305
222,pain,305
223,awareness,304
224,outline,298
225,perception,296
226,aphants,293
227,focus,291
228,movement,290
229,fiction,288
230,knowledge,288
231,therapy,287
232,reddit,283
233,individual,283
234,job,281
235,aphantasic,281
236,map,281
237,datum,280
238,youtube,279
239,university,279
240,aspect,278
241,x200b,277
242,project,276
243,order,275
244,mother,274
245,background,273
246,writing,272
247,experiment,272
248,feature,269
249,hair,267
250,student,266
251,opinion,266
252,tree,266
253,list,265
254,effort,262
255,non,261
256,practice,258
257,dog,257
258,future,257
259,letter,256
260,discussion,254
261,phone,254
262,science,254
263,dad,251
264,partner,251
265,action,249
266,morning,248
267,change,246
268,instance,244
269,title,244
270,correlation,243
271,insight,242
272,recall,238
273,scale,233
274,idk,232
275,door,231
276,health,229
277,speech,228
278,english,227
279,questionnaire,226
280,streaming,226
281,rest,225
282,pitch,222
283,step,221
284,food,218
285,symptom,217
286,doctor,216
287,lsd,216
288,cause,215
289,version,215
290,sister,215
291,novel,214
292,metaphor,214
293,ear,213
294,texture,213
295,loss,213
296,session,213
297,therapist,212
298,weed,211
299,god,210
300,power,209
301,design,207
302,style,206
303,love,205
304,hypophantasia,205
305,podcast,204
306,trait,204
307,trip,204
308,muscle,203
309,chess,203
310,name,202
311,tool,200
312,dialogue,199
313,use,199
314,water,199
315,nightmare,199
316,writer,198
317,dreaming,197
318,activity,197
319,cure,195
320,fear,194
321,sentence,194
322,brother,194
323,cat,194
324,aphantasiac,193
325,fun,193
326,interest,193
327,psychology,192
328,husband,192
329,context,191
330,ptsd,191
331,noise,191
332,member,190
333,figure,188
334,benefit,188
335,system,188
336,home,187
337,horse,187
338,thread,185
339,environment,184
340,finger,183
341,processing,183
342,creativity,182
343,goal,182
344,circle,182
345,disability,181
346,series,181
347,void,181
348,autism,180
349,personality,179
350,position,179